<?xml version="1.0"?>
<!DOCTYPE hibernate-mapping PUBLIC
        "-//Hibernate/Hibernate Mapping DTD 3.0//EN"
        "http://hibernate.sourceforge.net/hibernate-mapping-3.0.dtd">


<hibernate-mapping>

    <!--   Service Provider to Jobs -->
    <class name="job.ServiceRequester" table="SERVICEREQUESTER">
    	<id name="rq_id" column="RQ_ID" />
 		<property name="rq_username"/>
      	<property name="rq_password"/>
      	<property name="rq_email"/>
      	<property name="rq_contact"/>
      	<property name="rq_address"/>
      	<property name="rq_status"/>
      		<set name="jobs" table="JOBS" cascade="all,delete-orphan">
      			<key column="PROVIDER_RQID"/>
      			<one-to-many class="job.RequestJobs"/>
      		</set>
    </class>
   
    <class name="job.RequestJobs" table="REQUESTJOBS">
    	<id name="job_id" column="JOB_ID" />
       	<property name="job_name"/>
       	<property name="job_experience"/>
       	<property name="job_amount"/>
      	<property name="job_specialization"/>
      	
      	<many-to-one name="rqobj"  class="job.ServiceRequester"/>
    </class>
</hibernate-mapping>

